<?xml version="1.0" encoding="UTF-8"?>
<project-private xmlns="http://www.netbeans.org/ns/project-private/1">
    <editor-bookmarks xmlns="http://www.netbeans.org/ns/editor-bookmarks/2" lastBookmarkId="0"/>
    <open-files xmlns="http://www.netbeans.org/ns/projectui-open-files/2">
        <group>
            <file>file:/C:/Users/Sudeera%20Perera/Documents/NetBeansProjects/SyZyGy/src/syzygy/SyZyGy.java</file>
            <file>file:/C:/Users/Sudeera%20Perera/Documents/NetBeansProjects/SyZyGy/src/syzygy/Login.java</file>
            <file>file:/C:/Users/Sudeera%20Perera/Documents/NetBeansProjects/SyZyGy/src/syzygy/AdminDashboard.java</file>
            <file>file:/C:/Users/Sudeera%20Perera/Documents/NetBeansProjects/SyZyGy/src/syzygy/MyOrders.java</file>
            <file>file:/C:/Users/Sudeera%20Perera/Documents/NetBeansProjects/SyZyGy/src/syzygy/Product.java</file>
            <file>file:/C:/Users/Sudeera%20Perera/Documents/NetBeansProjects/SyZyGy/src/syzygy/CustomerHome.java</file>
        </group>
    </open-files>
</project-private>
